testcase_name,model,selection_groups,top_n_labels,is_binary,training_time,testing_time,accuracy,f1_score,precision,recall
all_feature__all_labels__binary,gaussian_bayes,None,-1,1,0.4837017059326172,0.10372209548950195,0.7594878829446731,0.7632804918729722,0.7594878829446731,0.7594878829446731
all_feature__all_labels__binary,bernoulli_bayes,None,-1,1,0.4846932888031006,0.0937490463256836,0.8596250571559213,0.8628506034693209,0.8596250571559213,0.8596250571559213
all_feature__all_labels__binary,random_forest,None,-1,1,11.058332920074463,0.0388946533203125,0.9972565157750343,0.9972550982489893,0.9972565157750343,0.9972565157750343
all_feature__all_labels__binary,svm,None,-1,1,42.12599515914917,12.295018672943115,0.8573388203017832,0.8548345780719777,0.8573388203017832,0.8573388203017832
all_feature__all_labels__binary,knn,None,-1,1,0.23739409446716309,1.3158247470855713,0.9647919524462735,0.9646337336481776,0.9647919524462735,0.9647919524462735
all_feature__all_labels__binary,decision_tree,None,-1,1,9.548421144485474,0.018984079360961914,0.9885688157293095,0.9885658670709643,0.9885688157293095,0.9885688157293095
