testcase_name,model,selection_groups,top_n_labels,is_binary,training_time,testing_time,accuracy,f1_score,precision,recall
all_feature__all_labels__multi,gaussian_bayes,None,-1,0,0.7040739059448242,6.810957908630371,0.5962505715592136,0.6173679878754041,0.5962505715592136,0.5962505715592136
all_feature__all_labels__multi,bernoulli_bayes,None,-1,0,0.7098953723907471,0.1602458953857422,0.7402834933699132,0.7336218989400881,0.7402834933699132,0.7402834933699132
all_feature__all_labels__multi,random_forest,None,-1,0,35.959996938705444,0.2694375514984131,0.9474165523548239,0.9392327029372252,0.9474165523548239,0.9474165523548239
all_feature__all_labels__multi,svm,None,-1,0,69.71984887123108,31.643118858337402,0.5679012345679012,0.4531637599055979,0.5679012345679012,0.5679012345679012
all_feature__all_labels__multi,knn,None,-1,0,0.23439574241638184,1.7116754055023193,0.9099222679469593,0.9000364859670573,0.9099222679469593,0.9099222679469593
all_feature__all_labels__multi,decision_tree,None,-1,0,31.841587781906128,0.020978212356567383,0.922267946959305,0.9229443847922832,0.922267946959305,0.922267946959305
